ISO Code,Country,Region,Year,Mobile ownership
AFG,Afghanistan,South Asia,2014,49.66666793823242
AFG,Afghanistan,South Asia,2015,51.78889083862305
AFG,Afghanistan,South Asia,2016,53.78888702392578
AFG,Afghanistan,South Asia,2017,55.844444274902344
AFG,Afghanistan,South Asia,2018,57.344444274902344
AFG,Afghanistan,South Asia,2019,58.57777404785156
AGO,Angola,Sub-Saharan Africa,2014,37.85555648803711
AGO,Angola,Sub-Saharan Africa,2015,40.22222137451172
AGO,Angola,Sub-Saharan Africa,2016,42.39999771118164
AGO,Angola,Sub-Saharan Africa,2017,44.18888854980469
AGO,Angola,Sub-Saharan Africa,2018,45.55555725097656
AGO,Angola,Sub-Saharan Africa,2019,46.42222213745117
ALB,Albania,Europe & Central Asia,2014,83.94444274902344
ALB,Albania,Europe & Central Asia,2015,84.02222442626953
ALB,Albania,Europe & Central Asia,2016,84.91111755371094
ALB,Albania,Europe & Central Asia,2017,85.388885498046875
ALB,Albania,Europe & Central Asia,2018,85.877777099609375
ALB,Albania,Europe & Central Asia,2019,86.366668701171875
ARE,United Arab Emirates,Middle East & North Africa,2014,90.5888900756836
ARE,United Arab Emirates,Middle East & North Africa,2015,92.0777816772461
ARE,United Arab Emirates,Middle East & North Africa,2016,92.9888916015625
ARE,United Arab Emirates,Middle East & North Africa,2017,93.35555267333984
ARE,United Arab Emirates,Middle East & North Africa,2018,93.73333740234375
ARE,United Arab Emirates,Middle East & North Africa,2019,94.0888900756836
ARG,Argentina,Latin America & Caribbean,2014,74.977783203125
ARG,Argentina,Latin America & Caribbean,2015,74.95555114746094
ARG,Argentina,Latin America & Caribbean,2016,75.633331298828125
ARG,Argentina,Latin America & Caribbean,2017,75.97777557373047
ARG,Argentina,Latin America & Caribbean,2018,76.45555877685547
ARG,Argentina,Latin America & Caribbean,2019,77.22222137451172
ARM,Armenia,Europe & Central Asia,2014,68.56666564941406
ARM,Armenia,Europe & Central Asia,2015,68.82221984863281
ARM,Armenia,Europe & Central Asia,2016,70.06666564941406
ARM,Armenia,Europe & Central Asia,2017,70.94444274902344
ARM,Armenia,Europe & Central Asia,2018,71.82221984863281
ARM,Armenia,Europe & Central Asia,2019,72.69999694824219
AUS,Australia,East Asia & Pacific,2014,92.43333435058594
AUS,Australia,East Asia & Pacific,2015,92.35555267333984
AUS,Australia,East Asia & Pacific,2016,92.35555267333984
AUS,Australia,East Asia & Pacific,2017,92.34444427490234
AUS,Australia,East Asia & Pacific,2018,92.42222595214844
AUS,Australia,East Asia & Pacific,2019,92.69999694824219
AUT,Austria,Europe & Central Asia,2014,96.98888397216797
AUT,Austria,Europe & Central Asia,2015,97.377777099609375
AUT,Austria,Europe & Central Asia,2016,98.06666564941406
AUT,Austria,Europe & Central Asia,2017,98.23333740234375
AUT,Austria,Europe & Central Asia,2018,98.388885498046875
AUT,Austria,Europe & Central Asia,2019,98.55554962158203
AZE,Azerbaijan,Europe & Central Asia,2014,65.21111297607422
AZE,Azerbaijan,Europe & Central Asia,2015,66.9111099243164
AZE,Azerbaijan,Europe & Central Asia,2016,68.0777816772461
AZE,Azerbaijan,Europe & Central Asia,2017,69.46666717529297
AZE,Azerbaijan,Europe & Central Asia,2018,70.855560302734375
AZE,Azerbaijan,Europe & Central Asia,2019,72.04444122314453
BDI,Burundi,Sub-Saharan Africa,2014,21.46666717529297
BDI,Burundi,Sub-Saharan Africa,2015,33.68888854980469
BDI,Burundi,Sub-Saharan Africa,2016,36.31111145019531
BDI,Burundi,Sub-Saharan Africa,2017,38.29999923706055
BDI,Burundi,Sub-Saharan Africa,2018,39.75555419921875
BDI,Burundi,Sub-Saharan Africa,2019,40.68888854980469
BEL,Belgium,Europe & Central Asia,2014,94.17778015136719
BEL,Belgium,Europe & Central Asia,2015,95.04444885253906
BEL,Belgium,Europe & Central Asia,2016,95.388885498046875
BEL,Belgium,Europe & Central Asia,2017,95.611114501953125
BEL,Belgium,Europe & Central Asia,2018,95.84444427490234
BEL,Belgium,Europe & Central Asia,2019,96.06666564941406
BEN,Benin,Sub-Saharan Africa,2014,47.28888702392578
BEN,Benin,Sub-Saharan Africa,2015,48.9555549621582
BEN,Benin,Sub-Saharan Africa,2016,50.45555877685547
BEN,Benin,Sub-Saharan Africa,2017,51.30000305175781
BEN,Benin,Sub-Saharan Africa,2018,52.155555725097656
BEN,Benin,Sub-Saharan Africa,2019,52.999996185302734
BFA,Burkina Faso,Sub-Saharan Africa,2014,41.655555725097656
BFA,Burkina Faso,Sub-Saharan Africa,2015,44.36666488647461
BFA,Burkina Faso,Sub-Saharan Africa,2016,46.22222137451172
BFA,Burkina Faso,Sub-Saharan Africa,2017,48.233333587646484
BFA,Burkina Faso,Sub-Saharan Africa,2018,49.75555419921875
BFA,Burkina Faso,Sub-Saharan Africa,2019,50.855552673339844
BGD,Bangladesh,South Asia,2014,51.22222137451172
BGD,Bangladesh,South Asia,2015,53.20000076293945
BGD,Bangladesh,South Asia,2016,55
BGD,Bangladesh,South Asia,2017,56.844444274902344
BGD,Bangladesh,South Asia,2018,58.488887786865234
BGD,Bangladesh,South Asia,2019,59.73332977294922
BGR,Bulgaria,Europe & Central Asia,2014,85.9000015258789
BGR,Bulgaria,Europe & Central Asia,2015,87.32221984863281
BGR,Bulgaria,Europe & Central Asia,2016,88.67777252197266
BGR,Bulgaria,Europe & Central Asia,2017,89.16666412353516
BGR,Bulgaria,Europe & Central Asia,2018,89.64444732666016
BGR,Bulgaria,Europe & Central Asia,2019,90.133331298828125
BHR,Bahrain,Middle East & North Africa,2014,85
BHR,Bahrain,Middle East & North Africa,2015,86.6111068725586
BHR,Bahrain,Middle East & North Africa,2016,87.5777816772461
BHR,Bahrain,Middle East & North Africa,2017,88.22222137451172
BHR,Bahrain,Middle East & North Africa,2018,88.866668701171875
BHR,Bahrain,Middle East & North Africa,2019,89.5111083984375
BHS,Bahamas,Latin America & Caribbean,2014,75.04444885253906
BHS,Bahamas,Latin America & Caribbean,2015,75.122222900390625
BHS,Bahamas,Latin America & Caribbean,2016,75.76666259765625
BHS,Bahamas,Latin America & Caribbean,2017,76.18888854980469
BHS,Bahamas,Latin America & Caribbean,2018,76.622222900390625
BHS,Bahamas,Latin America & Caribbean,2019,77.04444885253906
BIH,Bosnia and Herzegovina,Europe & Central Asia,2014,71.06666564941406
BIH,Bosnia and Herzegovina,Europe & Central Asia,2015,72.899993896484375
BIH,Bosnia and Herzegovina,Europe & Central Asia,2016,74.45555114746094
BIH,Bosnia and Herzegovina,Europe & Central Asia,2017,74.95555114746094
BIH,Bosnia and Herzegovina,Europe & Central Asia,2018,75.44444274902344
BIH,Bosnia and Herzegovina,Europe & Central Asia,2019,75.9222183227539
BLR,Belarus,Europe & Central Asia,2014,83.56666564941406
BLR,Belarus,Europe & Central Asia,2015,85.92222595214844
BLR,Belarus,Europe & Central Asia,2016,87.27777862548828
BLR,Belarus,Europe & Central Asia,2017,87.63333892822266
BLR,Belarus,Europe & Central Asia,2018,87.96666717529297
BLR,Belarus,Europe & Central Asia,2019,88.28889465332031
BLZ,Belize,Latin America & Caribbean,2014,69.94445037841797
BLZ,Belize,Latin America & Caribbean,2015,72.29999542236328
BLZ,Belize,Latin America & Caribbean,2016,73.122222900390625
BLZ,Belize,Latin America & Caribbean,2017,73.866668701171875
BLZ,Belize,Latin America & Caribbean,2018,74.622222900390625
BLZ,Belize,Latin America & Caribbean,2019,75.36666107177734
BOL,Bolivia,Latin America & Caribbean,2014,68.26666259765625
BOL,Bolivia,Latin America & Caribbean,2015,68.5888900756836
BOL,Bolivia,Latin America & Caribbean,2016,69.5999984741211
BOL,Bolivia,Latin America & Caribbean,2017,70.34444427490234
BOL,Bolivia,Latin America & Caribbean,2018,71.100006103515625
BOL,Bolivia,Latin America & Caribbean,2019,71.84444427490234
BRA,Brazil,Latin America & Caribbean,2014,72.21111297607422
BRA,Brazil,Latin America & Caribbean,2015,73.47777557373047
BRA,Brazil,Latin America & Caribbean,2016,74.31111145019531
BRA,Brazil,Latin America & Caribbean,2017,75.36666107177734
BRA,Brazil,Latin America & Caribbean,2018,76.57777404785156
BRA,Brazil,Latin America & Caribbean,2019,77.68888854980469
BRB,Barbados,Latin America & Caribbean,2014,88.97777557373047
BRB,Barbados,Latin America & Caribbean,2015,89.5111083984375
BRB,Barbados,Latin America & Caribbean,2016,89.84444427490234
BRB,Barbados,Latin America & Caribbean,2017,90.23332977294922
BRB,Barbados,Latin America & Caribbean,2018,90.622222900390625
BRB,Barbados,Latin America & Caribbean,2019,91.02222442626953
BRN,Brunei Darussalam,East Asia & Pacific,2014,86.388885498046875
BRN,Brunei Darussalam,East Asia & Pacific,2015,87.36666107177734
BRN,Brunei Darussalam,East Asia & Pacific,2016,88.5888900756836
BRN,Brunei Darussalam,East Asia & Pacific,2017,88.96666717529297
BRN,Brunei Darussalam,East Asia & Pacific,2018,89.33332824707031
BRN,Brunei Darussalam,East Asia & Pacific,2019,89.71111297607422
BTN,Bhutan,South Asia,2014,52.05555725097656
BTN,Bhutan,South Asia,2015,54.255558013916016
BTN,Bhutan,South Asia,2016,56.31111145019531
BTN,Bhutan,South Asia,2017,57.611114501953125
BTN,Bhutan,South Asia,2018,59.07777404785156
BTN,Bhutan,South Asia,2019,60.73333740234375
BWA,Botswana,Sub-Saharan Africa,2014,70.34444427490234
BWA,Botswana,Sub-Saharan Africa,2015,71.03333282470703
BWA,Botswana,Sub-Saharan Africa,2016,71.25555419921875
BWA,Botswana,Sub-Saharan Africa,2017,71.98888397216797
BWA,Botswana,Sub-Saharan Africa,2018,73.16667175292969
BWA,Botswana,Sub-Saharan Africa,2019,74.06666564941406
CAF,Central African Republic,Sub-Saharan Africa,2014,22.422222137451172
CAF,Central African Republic,Sub-Saharan Africa,2015,22.866666793823242
CAF,Central African Republic,Sub-Saharan Africa,2016,23.311111450195313
CAF,Central African Republic,Sub-Saharan Africa,2017,23.75555419921875
CAF,Central African Republic,Sub-Saharan Africa,2018,24.200000762939453
CAF,Central African Republic,Sub-Saharan Africa,2019,24.644445419311523
CAN,Canada,North America,2014,77.9111099243164
CAN,Canada,North America,2015,81.33333587646484
CAN,Canada,North America,2016,83.84444427490234
CAN,Canada,North America,2017,85.5
CAN,Canada,North America,2018,86.19999694824219
CAN,Canada,North America,2019,86.8888931274414
CHE,Switzerland,Europe & Central Asia,2014,92.92222595214844
CHE,Switzerland,Europe & Central Asia,2015,94.66666412353516
CHE,Switzerland,Europe & Central Asia,2016,95.80000305175781
CHE,Switzerland,Europe & Central Asia,2017,96.02222442626953
CHE,Switzerland,Europe & Central Asia,2018,96.24444580078125
CHE,Switzerland,Europe & Central Asia,2019,96.45555877685547
CHL,Chile,Latin America & Caribbean,2014,91.79999542236328
CHL,Chile,Latin America & Caribbean,2015,91.83333587646484
CHL,Chile,Latin America & Caribbean,2016,92.4000015258789
CHL,Chile,Latin America & Caribbean,2017,92.73333740234375
CHL,Chile,Latin America & Caribbean,2018,93.0777816772461
CHL,Chile,Latin America & Caribbean,2019,93.4111099243164
CHN,China,East Asia & Pacific,2014,77.877777099609375
CHN,China,East Asia & Pacific,2015,81.0999984741211
CHN,China,East Asia & Pacific,2016,83.96666717529297
CHN,China,East Asia & Pacific,2017,87.35555267333984
CHN,China,East Asia & Pacific,2018,89.47777557373047
CHN,China,East Asia & Pacific,2019,90.80000305175781
CIV,Cote d'Ivoire,Sub-Saharan Africa,2014,51.344444274902344
CIV,Cote d'Ivoire,Sub-Saharan Africa,2015,52.499996185302734
CIV,Cote d'Ivoire,Sub-Saharan Africa,2016,53.56666564941406
CIV,Cote d'Ivoire,Sub-Saharan Africa,2017,54.53333282470703
CIV,Cote d'Ivoire,Sub-Saharan Africa,2018,55.80000305175781
CIV,Cote d'Ivoire,Sub-Saharan Africa,2019,56.94444274902344
CMR,Cameroon,Sub-Saharan Africa,2014,48.233333587646484
CMR,Cameroon,Sub-Saharan Africa,2015,50.666664123535156
CMR,Cameroon,Sub-Saharan Africa,2016,52.26667022705078
CMR,Cameroon,Sub-Saharan Africa,2017,54.11111068725586
CMR,Cameroon,Sub-Saharan Africa,2018,55.644447326660156
CMR,Cameroon,Sub-Saharan Africa,2019,56.733333587646484
COD,"Congo, Democratic Republic",Sub-Saharan Africa,2014,29.377777099609375
COD,"Congo, Democratic Republic",Sub-Saharan Africa,2015,33.97777557373047
COD,"Congo, Democratic Republic",Sub-Saharan Africa,2016,36.88888931274414
COD,"Congo, Democratic Republic",Sub-Saharan Africa,2017,39.38888931274414
COD,"Congo, Democratic Republic",Sub-Saharan Africa,2018,41.35555648803711
COD,"Congo, Democratic Republic",Sub-Saharan Africa,2019,42.74444580078125
COG,Congo,Sub-Saharan Africa,2014,48.67778015136719
COG,Congo,Sub-Saharan Africa,2015,49.44444274902344
COG,Congo,Sub-Saharan Africa,2016,49.866668701171875
COG,Congo,Sub-Saharan Africa,2017,50.37778091430664
COG,Congo,Sub-Saharan Africa,2018,51.18888473510742
COG,Congo,Sub-Saharan Africa,2019,51.72222137451172
COL,Colombia,Latin America & Caribbean,2014,73.05555725097656
COL,Colombia,Latin America & Caribbean,2015,74.44444274902344
COL,Colombia,Latin America & Caribbean,2016,75.54444885253906
COL,Colombia,Latin America & Caribbean,2017,76.70000457763672
COL,Colombia,Latin America & Caribbean,2018,77.96666717529297
COL,Colombia,Latin America & Caribbean,2019,78.866668701171875
COM,Comoros,Middle East & North Africa,2014,29.988887786865234
COM,Comoros,Middle East & North Africa,2015,31.31110954284668
COM,Comoros,Middle East & North Africa,2016,32.35555648803711
COM,Comoros,Middle East & North Africa,2017,33.19999694824219
COM,Comoros,Middle East & North Africa,2018,34.0444450378418
COM,Comoros,Middle East & North Africa,2019,34.888885498046875
CPV,Cabo Verde,Sub-Saharan Africa,2014,68.25555419921875
CPV,Cabo Verde,Sub-Saharan Africa,2015,71.57777404785156
CPV,Cabo Verde,Sub-Saharan Africa,2016,73.19999694824219
CPV,Cabo Verde,Sub-Saharan Africa,2017,74.05555725097656
CPV,Cabo Verde,Sub-Saharan Africa,2018,74.9111099243164
CPV,Cabo Verde,Sub-Saharan Africa,2019,75.75555419921875
CRI,Costa Rica,Latin America & Caribbean,2014,81.0777816772461
CRI,Costa Rica,Latin America & Caribbean,2015,83.18888854980469
CRI,Costa Rica,Latin America & Caribbean,2016,84.388885498046875
CRI,Costa Rica,Latin America & Caribbean,2017,85.122222900390625
CRI,Costa Rica,Latin America & Caribbean,2018,85.84444427490234
CRI,Costa Rica,Latin America & Caribbean,2019,86.56666564941406
CYP,Cyprus,Europe & Central Asia,2014,72.622222900390625
CYP,Cyprus,Europe & Central Asia,2015,74.5
CYP,Cyprus,Europe & Central Asia,2016,76.15555572509766
CYP,Cyprus,Europe & Central Asia,2017,76.53333282470703
CYP,Cyprus,Europe & Central Asia,2018,76.9111099243164
CYP,Cyprus,Europe & Central Asia,2019,77.28888702392578
CZE,Czechia,Europe & Central Asia,2014,91.18888854980469
CZE,Czechia,Europe & Central Asia,2015,92.23333740234375
CZE,Czechia,Europe & Central Asia,2016,93.53333282470703
CZE,Czechia,Europe & Central Asia,2017,93.9222183227539
CZE,Czechia,Europe & Central Asia,2018,94.31111145019531
CZE,Czechia,Europe & Central Asia,2019,94.70000457763672
DEU,Germany,Europe & Central Asia,2014,94.04444885253906
DEU,Germany,Europe & Central Asia,2015,95.32221984863281
DEU,Germany,Europe & Central Asia,2016,96.27777862548828
DEU,Germany,Europe & Central Asia,2017,96.5888900756836
DEU,Germany,Europe & Central Asia,2018,96.877777099609375
DEU,Germany,Europe & Central Asia,2019,97.17778015136719
DNK,Denmark,Europe & Central Asia,2014,97.355560302734375
DNK,Denmark,Europe & Central Asia,2015,97.25555419921875
DNK,Denmark,Europe & Central Asia,2016,98.16667175292969
DNK,Denmark,Europe & Central Asia,2017,98.29999542236328
DNK,Denmark,Europe & Central Asia,2018,98.44444274902344
DNK,Denmark,Europe & Central Asia,2019,98.5777816772461
DOM,Dominican Republic,Latin America & Caribbean,2014,59.5444450378418
DOM,Dominican Republic,Latin America & Caribbean,2015,62.977779388427734
DOM,Dominican Republic,Latin America & Caribbean,2016,66.388885498046875
DOM,Dominican Republic,Latin America & Caribbean,2017,69
DOM,Dominican Republic,Latin America & Caribbean,2018,70.5
DOM,Dominican Republic,Latin America & Caribbean,2019,71.377777099609375
DZA,Algeria,Middle East & North Africa,2014,69.9000015258789
DZA,Algeria,Middle East & North Africa,2015,71.877777099609375
DZA,Algeria,Middle East & North Africa,2016,73.18888854980469
DZA,Algeria,Middle East & North Africa,2017,74.27777862548828
DZA,Algeria,Middle East & North Africa,2018,75.0777816772461
DZA,Algeria,Middle East & North Africa,2019,77.56666564941406
ECU,Ecuador,Latin America & Caribbean,2014,70.82221984863281
ECU,Ecuador,Latin America & Caribbean,2015,72.5999984741211
ECU,Ecuador,Latin America & Caribbean,2016,74.03333282470703
ECU,Ecuador,Latin America & Caribbean,2017,75.57777404785156
ECU,Ecuador,Latin America & Caribbean,2018,76.96666717529297
ECU,Ecuador,Latin America & Caribbean,2019,78.122222900390625
EGY,Egypt,Middle East & North Africa,2014,71
EGY,Egypt,Middle East & North Africa,2015,72.111114501953125
EGY,Egypt,Middle East & North Africa,2016,72.94444274902344
EGY,Egypt,Middle East & North Africa,2017,73.94444274902344
EGY,Egypt,Middle East & North Africa,2018,74.81111145019531
EGY,Egypt,Middle East & North Africa,2019,75.44444274902344
ESP,Spain,Europe & Central Asia,2014,91.34444427490234
ESP,Spain,Europe & Central Asia,2015,92.84444427490234
ESP,Spain,Europe & Central Asia,2016,94.122222900390625
ESP,Spain,Europe & Central Asia,2017,95.06666564941406
ESP,Spain,Europe & Central Asia,2018,95.622222900390625
ESP,Spain,Europe & Central Asia,2019,95.94444274902344
EST,Estonia,Europe & Central Asia,2014,94.80000305175781
EST,Estonia,Europe & Central Asia,2015,95.4222183227539
EST,Estonia,Europe & Central Asia,2016,95.83332824707031
EST,Estonia,Europe & Central Asia,2017,96.122222900390625
EST,Estonia,Europe & Central Asia,2018,96.4111099243164
EST,Estonia,Europe & Central Asia,2019,96.69999694824219
ETH,Ethiopia,Sub-Saharan Africa,2014,31.911109924316406
ETH,Ethiopia,Sub-Saharan Africa,2015,33.96666717529297
ETH,Ethiopia,Sub-Saharan Africa,2016,35.477779388427734
ETH,Ethiopia,Sub-Saharan Africa,2017,36.66666793823242
ETH,Ethiopia,Sub-Saharan Africa,2018,33.44444274902344
ETH,Ethiopia,Sub-Saharan Africa,2019,35.55555725097656
FIN,Finland,Europe & Central Asia,2014,98.17778015136719
FIN,Finland,Europe & Central Asia,2015,99.27777862548828
FIN,Finland,Europe & Central Asia,2016,100
FIN,Finland,Europe & Central Asia,2017,100
FIN,Finland,Europe & Central Asia,2018,100
FIN,Finland,Europe & Central Asia,2019,100
FJI,Fiji,East Asia & Pacific,2014,83.26667022705078
FJI,Fiji,East Asia & Pacific,2015,90.08888244628906
FJI,Fiji,East Asia & Pacific,2016,93.75555419921875
FJI,Fiji,East Asia & Pacific,2017,95.122222900390625
FJI,Fiji,East Asia & Pacific,2018,96.45555877685547
FJI,Fiji,East Asia & Pacific,2019,97.78888702392578
FRA,France,Europe & Central Asia,2014,87.63333892822266
FRA,France,Europe & Central Asia,2015,90.04444122314453
FRA,France,Europe & Central Asia,2016,91.866668701171875
FRA,France,Europe & Central Asia,2017,92.31111145019531
FRA,France,Europe & Central Asia,2018,92.74444580078125
FRA,France,Europe & Central Asia,2019,93.15555572509766
GAB,Gabon,Sub-Saharan Africa,2014,67.68888854980469
GAB,Gabon,Sub-Saharan Africa,2015,67.56666564941406
GAB,Gabon,Sub-Saharan Africa,2016,67.28888702392578
GAB,Gabon,Sub-Saharan Africa,2017,67.4111099243164
GAB,Gabon,Sub-Saharan Africa,2018,68.25555419921875
GAB,Gabon,Sub-Saharan Africa,2019,69.30000305175781
GBR,United Kingdom,Europe & Central Asia,2014,92.82222747802734
GBR,United Kingdom,Europe & Central Asia,2015,92.8888931274414
GBR,United Kingdom,Europe & Central Asia,2016,93.0888900756836
GBR,United Kingdom,Europe & Central Asia,2017,93.44444274902344
GBR,United Kingdom,Europe & Central Asia,2018,93.81111145019531
GBR,United Kingdom,Europe & Central Asia,2019,94.16666412353516
GEO,Georgia,Europe & Central Asia,2014,71.48888397216797
GEO,Georgia,Europe & Central Asia,2015,71.81111145019531
GEO,Georgia,Europe & Central Asia,2016,72.27777862548828
GEO,Georgia,Europe & Central Asia,2017,73.19999694824219
GEO,Georgia,Europe & Central Asia,2018,74.22222137451172
GEO,Georgia,Europe & Central Asia,2019,75.25555419921875
GHA,Ghana,Sub-Saharan Africa,2014,52.39999771118164
GHA,Ghana,Sub-Saharan Africa,2015,54.18888854980469
GHA,Ghana,Sub-Saharan Africa,2016,56.06666946411133
GHA,Ghana,Sub-Saharan Africa,2017,58.0111083984375
GHA,Ghana,Sub-Saharan Africa,2018,59.65555191040039
GHA,Ghana,Sub-Saharan Africa,2019,61.07777786254883
GIN,Guinea,Sub-Saharan Africa,2014,47.46666717529297
GIN,Guinea,Sub-Saharan Africa,2015,49.29999923706055
GIN,Guinea,Sub-Saharan Africa,2016,50.777774810791016
GIN,Guinea,Sub-Saharan Africa,2017,51.622222900390625
GIN,Guinea,Sub-Saharan Africa,2018,52.47777557373047
GIN,Guinea,Sub-Saharan Africa,2019,53.31111145019531
GMB,Gambia,Sub-Saharan Africa,2014,52.21111297607422
GMB,Gambia,Sub-Saharan Africa,2015,52.89999771118164
GMB,Gambia,Sub-Saharan Africa,2016,53.61111068725586
GMB,Gambia,Sub-Saharan Africa,2017,54.633331298828125
GMB,Gambia,Sub-Saharan Africa,2018,56.03333282470703
GMB,Gambia,Sub-Saharan Africa,2019,57.4444465637207
GNB,Guinea-Bissau,Sub-Saharan Africa,2014,43.47777557373047
GNB,Guinea-Bissau,Sub-Saharan Africa,2015,44.155555725097656
GNB,Guinea-Bissau,Sub-Saharan Africa,2016,44.766666412353516
GNB,Guinea-Bissau,Sub-Saharan Africa,2017,45.61111068725586
GNB,Guinea-Bissau,Sub-Saharan Africa,2018,46.4555549621582
GNB,Guinea-Bissau,Sub-Saharan Africa,2019,47.29999923706055
GRC,Greece,Europe & Central Asia,2014,94.4888916015625
GRC,Greece,Europe & Central Asia,2015,96.02222442626953
GRC,Greece,Europe & Central Asia,2016,97.122222900390625
GRC,Greece,Europe & Central Asia,2017,97.388885498046875
GRC,Greece,Europe & Central Asia,2018,97.644439697265625
GRC,Greece,Europe & Central Asia,2019,97.888885498046875
GTM,Guatemala,Latin America & Caribbean,2014,52.83333206176758
GTM,Guatemala,Latin America & Caribbean,2015,53.622222900390625
GTM,Guatemala,Latin America & Caribbean,2016,54.24444580078125
GTM,Guatemala,Latin America & Caribbean,2017,55.722225189208984
GTM,Guatemala,Latin America & Caribbean,2018,57.58888626098633
GTM,Guatemala,Latin America & Caribbean,2019,59.43333435058594
GUY,Guyana,Latin America & Caribbean,2014,63.13333511352539
GUY,Guyana,Latin America & Caribbean,2015,66.71111297607422
GUY,Guyana,Latin America & Caribbean,2016,69.0999984741211
GUY,Guyana,Latin America & Caribbean,2017,71.97777557373047
GUY,Guyana,Latin America & Caribbean,2018,74.0999984741211
GUY,Guyana,Latin America & Caribbean,2019,75.46666717529297
HKG,Hong Kong,East Asia & Pacific,2014,98.377777099609375
HKG,Hong Kong,East Asia & Pacific,2015,98.977783203125
HKG,Hong Kong,East Asia & Pacific,2016,99.76666259765625
HKG,Hong Kong,East Asia & Pacific,2017,99.6111068725586
HKG,Hong Kong,East Asia & Pacific,2018,99.4000015258789
HKG,Hong Kong,East Asia & Pacific,2019,99.23333740234375
HND,Honduras,Latin America & Caribbean,2014,53.67778015136719
HND,Honduras,Latin America & Caribbean,2015,54.9666633605957
HND,Honduras,Latin America & Caribbean,2016,55.966670989990234
HND,Honduras,Latin America & Caribbean,2017,57.08888626098633
HND,Honduras,Latin America & Caribbean,2018,58.56666564941406
HND,Honduras,Latin America & Caribbean,2019,60.23332977294922
HRV,Croatia,Europe & Central Asia,2014,89.855560302734375
HRV,Croatia,Europe & Central Asia,2015,91.633331298828125
HRV,Croatia,Europe & Central Asia,2016,93.55555725097656
HRV,Croatia,Europe & Central Asia,2017,94.14444732666016
HRV,Croatia,Europe & Central Asia,2018,94.74444580078125
HRV,Croatia,Europe & Central Asia,2019,95.32221984863281
HTI,Haiti,Latin America & Caribbean,2014,51.57777786254883
HTI,Haiti,Latin America & Caribbean,2015,54.68888854980469
HTI,Haiti,Latin America & Caribbean,2016,57.43333053588867
HTI,Haiti,Latin America & Caribbean,2017,60.088890075683594
HTI,Haiti,Latin America & Caribbean,2018,62.022220611572266
HTI,Haiti,Latin America & Caribbean,2019,63.71111297607422
HUN,Hungary,Europe & Central Asia,2014,91.16667175292969
HUN,Hungary,Europe & Central Asia,2015,92.65555572509766
HUN,Hungary,Europe & Central Asia,2016,94.26666259765625
HUN,Hungary,Europe & Central Asia,2017,94.622222900390625
HUN,Hungary,Europe & Central Asia,2018,94.95555877685547
HUN,Hungary,Europe & Central Asia,2019,95.28888702392578
IDN,Indonesia,East Asia & Pacific,2014,67.94444274902344
IDN,Indonesia,East Asia & Pacific,2015,68.78888702392578
IDN,Indonesia,East Asia & Pacific,2016,69.05555725097656
IDN,Indonesia,East Asia & Pacific,2017,69.65555572509766
IDN,Indonesia,East Asia & Pacific,2018,71.54444122314453
IDN,Indonesia,East Asia & Pacific,2019,72.16667175292969
IND,India,South Asia,2014,47.77777862548828
IND,India,South Asia,2015,49.511112213134766
IND,India,South Asia,2016,51.81111145019531
IND,India,South Asia,2017,53.588890075683594
IND,India,South Asia,2018,55.44444274902344
IND,India,South Asia,2019,57.84444046020508
IRL,Ireland,Europe & Central Asia,2014,88.9111099243164
IRL,Ireland,Europe & Central Asia,2015,89.27777862548828
IRL,Ireland,Europe & Central Asia,2016,89.65555572509766
IRL,Ireland,Europe & Central Asia,2017,90.22222137451172
IRL,Ireland,Europe & Central Asia,2018,90.78888702392578
IRL,Ireland,Europe & Central Asia,2019,91.35555267333984
IRN,Iran,Middle East & North Africa,2014,72.399993896484375
IRN,Iran,Middle East & North Africa,2015,74.5777816772461
IRN,Iran,Middle East & North Africa,2016,76.57777404785156
IRN,Iran,Middle East & North Africa,2017,78.24443817138672
IRN,Iran,Middle East & North Africa,2018,79.4888916015625
IRN,Iran,Middle East & North Africa,2019,80.21110534667969
IRQ,Iraq,Middle East & North Africa,2014,54.333335876464844
IRQ,Iraq,Middle East & North Africa,2015,55.377777099609375
IRQ,Iraq,Middle East & North Africa,2016,56.266666412353516
IRQ,Iraq,Middle East & North Africa,2017,57.25555419921875
IRQ,Iraq,Middle East & North Africa,2018,58.31111145019531
IRQ,Iraq,Middle East & North Africa,2019,59.38888931274414
ISL,Iceland,Europe & Central Asia,2014,87.43333435058594
ISL,Iceland,Europe & Central Asia,2015,88.133331298828125
ISL,Iceland,Europe & Central Asia,2016,89.24444580078125
ISL,Iceland,Europe & Central Asia,2017,89.54444885253906
ISL,Iceland,Europe & Central Asia,2018,89.83332824707031
ISL,Iceland,Europe & Central Asia,2019,90.122222900390625
ISR,Israel,Middle East & North Africa,2014,68.63333892822266
ISR,Israel,Middle East & North Africa,2015,72.82222747802734
ISR,Israel,Middle East & North Africa,2016,75.83333587646484
ISR,Israel,Middle East & North Africa,2017,78.366668701171875
ISR,Israel,Middle East & North Africa,2018,80.28888702392578
ISR,Israel,Middle East & North Africa,2019,81.18888854980469
ITA,Italy,Europe & Central Asia,2014,95.95555877685547
ITA,Italy,Europe & Central Asia,2015,96.66666412353516
ITA,Italy,Europe & Central Asia,2016,97.55555725097656
ITA,Italy,Europe & Central Asia,2017,97.877777099609375
ITA,Italy,Europe & Central Asia,2018,98.18888854980469
ITA,Italy,Europe & Central Asia,2019,98.5
JAM,Jamaica,Latin America & Caribbean,2014,71.20000457763672
JAM,Jamaica,Latin America & Caribbean,2015,71.96666717529297
JAM,Jamaica,Latin America & Caribbean,2016,72.45555877685547
JAM,Jamaica,Latin America & Caribbean,2017,73.122222900390625
JAM,Jamaica,Latin America & Caribbean,2018,74.133331298828125
JAM,Jamaica,Latin America & Caribbean,2019,75.03333282470703
JOR,Jordan,Middle East & North Africa,2014,63.71111297607422
JOR,Jordan,Middle East & North Africa,2015,64.76667022705078
JOR,Jordan,Middle East & North Africa,2016,66.16667175292969
JOR,Jordan,Middle East & North Africa,2017,67.42222595214844
JOR,Jordan,Middle East & North Africa,2018,68.75555419921875
JOR,Jordan,Middle East & North Africa,2019,70
JPN,Japan,East Asia & Pacific,2014,86.04444122314453
JPN,Japan,East Asia & Pacific,2015,90.633331298828125
JPN,Japan,East Asia & Pacific,2016,93.4000015258789
JPN,Japan,East Asia & Pacific,2017,93.8888931274414
JPN,Japan,East Asia & Pacific,2018,94.35555267333984
JPN,Japan,East Asia & Pacific,2019,94.81111145019531
KAZ,Kazakhstan,Europe & Central Asia,2014,75.28889465332031
KAZ,Kazakhstan,Europe & Central Asia,2015,75.76666259765625
KAZ,Kazakhstan,Europe & Central Asia,2016,76.27777862548828
KAZ,Kazakhstan,Europe & Central Asia,2017,76.74444580078125
KAZ,Kazakhstan,Europe & Central Asia,2018,77.20000457763672
KAZ,Kazakhstan,Europe & Central Asia,2019,77.65555572509766
KEN,Kenya,Sub-Saharan Africa,2014,50.04444885253906
KEN,Kenya,Sub-Saharan Africa,2015,51.89999771118164
KEN,Kenya,Sub-Saharan Africa,2016,53.0555534362793
KEN,Kenya,Sub-Saharan Africa,2017,54.577781677246094
KEN,Kenya,Sub-Saharan Africa,2018,56.266666412353516
KEN,Kenya,Sub-Saharan Africa,2019,57.5111083984375
KGZ,Kyrgyzstan,Europe & Central Asia,2014,69.80000305175781
KGZ,Kyrgyzstan,Europe & Central Asia,2015,69.82221984863281
KGZ,Kyrgyzstan,Europe & Central Asia,2016,70.43333435058594
KGZ,Kyrgyzstan,Europe & Central Asia,2017,70.866668701171875
KGZ,Kyrgyzstan,Europe & Central Asia,2018,71.31111145019531
KGZ,Kyrgyzstan,Europe & Central Asia,2019,71.74444580078125
KHM,Cambodia,East Asia & Pacific,2014,65.27777862548828
KHM,Cambodia,East Asia & Pacific,2015,68.73333740234375
KHM,Cambodia,East Asia & Pacific,2016,71.22222137451172
KHM,Cambodia,East Asia & Pacific,2017,73.5111083984375
KHM,Cambodia,East Asia & Pacific,2018,74.69999694824219
KHM,Cambodia,East Asia & Pacific,2019,75.3888931274414
KOR,"Korea, South",East Asia & Pacific,2014,95.64444732666016
KOR,"Korea, South",East Asia & Pacific,2015,95.81111145019531
KOR,"Korea, South",East Asia & Pacific,2016,96.02222442626953
KOR,"Korea, South",East Asia & Pacific,2017,96.30000305175781
KOR,"Korea, South",East Asia & Pacific,2018,96.57777404785156
KOR,"Korea, South",East Asia & Pacific,2019,96.855560302734375
KWT,Kuwait,Middle East & North Africa,2014,86.79999542236328
KWT,Kuwait,Middle East & North Africa,2015,86.21110534667969
KWT,Kuwait,Middle East & North Africa,2016,86.17778015136719
KWT,Kuwait,Middle East & North Africa,2017,86.53333282470703
KWT,Kuwait,Middle East & North Africa,2018,86.9000015258789
KWT,Kuwait,Middle East & North Africa,2019,87.26666259765625
LAO,Laos,East Asia & Pacific,2014,57.866668701171875
LAO,Laos,East Asia & Pacific,2015,62.61111068725586
LAO,Laos,East Asia & Pacific,2016,67.96666717529297
LAO,Laos,East Asia & Pacific,2017,71.388885498046875
LAO,Laos,East Asia & Pacific,2018,72.82222747802734
LAO,Laos,East Asia & Pacific,2019,73.72222137451172
LBN,Lebanon,Middle East & North Africa,2014,64.44444274902344
LBN,Lebanon,Middle East & North Africa,2015,66.23332977294922
LBN,Lebanon,Middle East & North Africa,2016,68.9888916015625
LBN,Lebanon,Middle East & North Africa,2017,70.72222137451172
LBN,Lebanon,Middle East & North Africa,2018,72.45555877685547
LBN,Lebanon,Middle East & North Africa,2019,73.78888702392578
LBR,Liberia,Sub-Saharan Africa,2014,41.377777099609375
LBR,Liberia,Sub-Saharan Africa,2015,43.77777862548828
LBR,Liberia,Sub-Saharan Africa,2016,46.0444450378418
LBR,Liberia,Sub-Saharan Africa,2017,48.255558013916016
LBR,Liberia,Sub-Saharan Africa,2018,50.12221908569336
LBR,Liberia,Sub-Saharan Africa,2019,51.45555877685547
LBY,Libya,Middle East & North Africa,2014,79.25555419921875
LBY,Libya,Middle East & North Africa,2015,79.52222442626953
LBY,Libya,Middle East & North Africa,2016,79.74444580078125
LBY,Libya,Middle East & North Africa,2017,80.64444732666016
LBY,Libya,Middle East & North Africa,2018,81.55555725097656
LBY,Libya,Middle East & North Africa,2019,82.45555877685547
LCA,Saint Lucia,Latin America & Caribbean,2014,83.47777557373047
LCA,Saint Lucia,Latin America & Caribbean,2015,83.377777099609375
LCA,Saint Lucia,Latin America & Caribbean,2016,83.55555725097656
LCA,Saint Lucia,Latin America & Caribbean,2017,84.25556182861328
LCA,Saint Lucia,Latin America & Caribbean,2018,84.95555877685547
LCA,Saint Lucia,Latin America & Caribbean,2019,85.65555572509766
LKA,Sri Lanka,South Asia,2014,69.9000015258789
LKA,Sri Lanka,South Asia,2015,73.43333435058594
LKA,Sri Lanka,South Asia,2016,77.17777252197266
LKA,Sri Lanka,South Asia,2017,79.73333740234375
LKA,Sri Lanka,South Asia,2018,81.02222442626953
LKA,Sri Lanka,South Asia,2019,81.85555267333984
LSO,Lesotho,Sub-Saharan Africa,2014,59.96666717529297
LSO,Lesotho,Sub-Saharan Africa,2015,64.9111099243164
LSO,Lesotho,Sub-Saharan Africa,2016,66.46666717529297
LSO,Lesotho,Sub-Saharan Africa,2017,69.022216796875
LSO,Lesotho,Sub-Saharan Africa,2018,70.83332824707031
LSO,Lesotho,Sub-Saharan Africa,2019,71.9000015258789
LTU,Lithuania,Europe & Central Asia,2014,90.15555572509766
LTU,Lithuania,Europe & Central Asia,2015,91.9000015258789
LTU,Lithuania,Europe & Central Asia,2016,93.31111145019531
LTU,Lithuania,Europe & Central Asia,2017,93.55555725097656
LTU,Lithuania,Europe & Central Asia,2018,93.80000305175781
LTU,Lithuania,Europe & Central Asia,2019,94.03333282470703
LUX,Luxembourg,Europe & Central Asia,2014,95.72222137451172
LUX,Luxembourg,Europe & Central Asia,2015,94.9222183227539
LUX,Luxembourg,Europe & Central Asia,2016,94.53333282470703
LUX,Luxembourg,Europe & Central Asia,2017,94.73333740234375
LUX,Luxembourg,Europe & Central Asia,2018,94.94445037841797
LUX,Luxembourg,Europe & Central Asia,2019,95.16666412353516
LVA,Latvia,Europe & Central Asia,2014,87.877777099609375
LVA,Latvia,Europe & Central Asia,2015,91.06666564941406
LVA,Latvia,Europe & Central Asia,2016,92.65555572509766
LVA,Latvia,Europe & Central Asia,2017,93.4888916015625
LVA,Latvia,Europe & Central Asia,2018,94.36666107177734
LVA,Latvia,Europe & Central Asia,2019,95.20000457763672
MAR,Morocco,Middle East & North Africa,2014,73.35555267333984
MAR,Morocco,Middle East & North Africa,2015,75.53333282470703
MAR,Morocco,Middle East & North Africa,2016,77.81111145019531
MAR,Morocco,Middle East & North Africa,2017,79.5999984741211
MAR,Morocco,Middle East & North Africa,2018,80.44444274902344
MAR,Morocco,Middle East & North Africa,2019,81.30000305175781
MDA,Moldova,Europe & Central Asia,2014,76.888885498046875
MDA,Moldova,Europe & Central Asia,2015,79.0777816772461
MDA,Moldova,Europe & Central Asia,2016,80.74444580078125
MDA,Moldova,Europe & Central Asia,2017,81.47777557373047
MDA,Moldova,Europe & Central Asia,2018,82.21111297607422
MDA,Moldova,Europe & Central Asia,2019,82.9222183227539
MDG,Madagascar,Sub-Saharan Africa,2014,25.633331298828125
MDG,Madagascar,Sub-Saharan Africa,2015,27.455556869506836
MDG,Madagascar,Sub-Saharan Africa,2016,29.544445037841797
MDG,Madagascar,Sub-Saharan Africa,2017,30.322221755981445
MDG,Madagascar,Sub-Saharan Africa,2018,30.73333168029785
MDG,Madagascar,Sub-Saharan Africa,2019,32.977779388427734
MDV,Maldives,South Asia,2014,94.31111145019531
MDV,Maldives,South Asia,2015,94.97777557373047
MDV,Maldives,South Asia,2016,95.622222900390625
MDV,Maldives,South Asia,2017,96.0111083984375
MDV,Maldives,South Asia,2018,96.388885498046875
MDV,Maldives,South Asia,2019,96.77777862548828
MEX,Mexico,Latin America & Caribbean,2014,63.488887786865234
MEX,Mexico,Latin America & Caribbean,2015,65.34444427490234
MEX,Mexico,Latin America & Caribbean,2016,65.97777557373047
MEX,Mexico,Latin America & Caribbean,2017,67.33333587646484
MEX,Mexico,Latin America & Caribbean,2018,68.94444274902344
MEX,Mexico,Latin America & Caribbean,2019,70.4888916015625
MKD,North Macedonia,Europe & Central Asia,2014,85.55555725097656
MKD,North Macedonia,Europe & Central Asia,2015,85.81111145019531
MKD,North Macedonia,Europe & Central Asia,2016,86.122222900390625
MKD,North Macedonia,Europe & Central Asia,2017,86.5999984741211
MKD,North Macedonia,Europe & Central Asia,2018,87.0888900756836
MKD,North Macedonia,Europe & Central Asia,2019,87.5777816772461
MLI,Mali,Sub-Saharan Africa,2014,44.67778015136719
MLI,Mali,Sub-Saharan Africa,2015,47.411109924316406
MLI,Mali,Sub-Saharan Africa,2016,50.30000305175781
MLI,Mali,Sub-Saharan Africa,2017,52.72222137451172
MLI,Mali,Sub-Saharan Africa,2018,53.93333435058594
MLI,Mali,Sub-Saharan Africa,2019,55.011112213134766
MLT,Malta,Europe & Central Asia,2014,96.9111099243164
MLT,Malta,Europe & Central Asia,2015,97.32221984863281
MLT,Malta,Europe & Central Asia,2016,97.633331298828125
MLT,Malta,Europe & Central Asia,2017,97.85555267333984
MLT,Malta,Europe & Central Asia,2018,98.06666564941406
MLT,Malta,Europe & Central Asia,2019,98.28888702392578
MMR,Myanmar,East Asia & Pacific,2014,23.655555725097656
MMR,Myanmar,East Asia & Pacific,2015,44.68888854980469
MMR,Myanmar,East Asia & Pacific,2016,51.20000076293945
MMR,Myanmar,East Asia & Pacific,2017,54.42222213745117
MMR,Myanmar,East Asia & Pacific,2018,56.54444885253906
MMR,Myanmar,East Asia & Pacific,2019,58.28889083862305
MNE,Montenegro,Europe & Central Asia,2014,89.888885498046875
MNE,Montenegro,Europe & Central Asia,2015,90.44444274902344
MNE,Montenegro,Europe & Central Asia,2016,91.27777862548828
MNE,Montenegro,Europe & Central Asia,2017,91.77777862548828
MNE,Montenegro,Europe & Central Asia,2018,92.27777862548828
MNE,Montenegro,Europe & Central Asia,2019,92.77777862548828
MNG,Mongolia,East Asia & Pacific,2014,75.68888854980469
MNG,Mongolia,East Asia & Pacific,2015,77.122222900390625
MNG,Mongolia,East Asia & Pacific,2016,78.28888702392578
MNG,Mongolia,East Asia & Pacific,2017,79.16667175292969
MNG,Mongolia,East Asia & Pacific,2018,80.04444122314453
MNG,Mongolia,East Asia & Pacific,2019,80.92222595214844
MOZ,Mozambique,Sub-Saharan Africa,2014,45.255558013916016
MOZ,Mozambique,Sub-Saharan Africa,2015,45.9555549621582
MOZ,Mozambique,Sub-Saharan Africa,2016,46.47777557373047
MOZ,Mozambique,Sub-Saharan Africa,2017,47.133331298828125
MOZ,Mozambique,Sub-Saharan Africa,2018,48.33333206176758
MOZ,Mozambique,Sub-Saharan Africa,2019,49.42222213745117
MRT,Mauritania,Middle East & North Africa,2014,52.366668701171875
MRT,Mauritania,Middle East & North Africa,2015,54.06666564941406
MRT,Mauritania,Middle East & North Africa,2016,55.86666488647461
MRT,Mauritania,Middle East & North Africa,2017,57.45555877685547
MRT,Mauritania,Middle East & North Africa,2018,58.63333511352539
MRT,Mauritania,Middle East & North Africa,2019,59.92222595214844
MUS,Mauritius,Sub-Saharan Africa,2014,74.44444274902344
MUS,Mauritius,Sub-Saharan Africa,2015,75.45555877685547
MUS,Mauritius,Sub-Saharan Africa,2016,76.76666259765625
MUS,Mauritius,Sub-Saharan Africa,2017,77.600006103515625
MUS,Mauritius,Sub-Saharan Africa,2018,78.43333435058594
MUS,Mauritius,Sub-Saharan Africa,2019,79.27777862548828
MWI,Malawi,Sub-Saharan Africa,2014,25.76666831970215
MWI,Malawi,Sub-Saharan Africa,2015,27.97777557373047
MWI,Malawi,Sub-Saharan Africa,2016,30.377779006958008
MWI,Malawi,Sub-Saharan Africa,2017,33.05555725097656
MWI,Malawi,Sub-Saharan Africa,2018,35.07777786254883
MWI,Malawi,Sub-Saharan Africa,2019,36.5444450378418
MYS,Malaysia,East Asia & Pacific,2014,85.31111145019531
MYS,Malaysia,East Asia & Pacific,2015,86.133331298828125
MYS,Malaysia,East Asia & Pacific,2016,87.0777816772461
MYS,Malaysia,East Asia & Pacific,2017,88.03333282470703
MYS,Malaysia,East Asia & Pacific,2018,88.611114501953125
MYS,Malaysia,East Asia & Pacific,2019,88.94445037841797
NAM,Namibia,Sub-Saharan Africa,2014,58.733333587646484
NAM,Namibia,Sub-Saharan Africa,2015,61.86666488647461
NAM,Namibia,Sub-Saharan Africa,2016,64.73332977294922
NAM,Namibia,Sub-Saharan Africa,2017,66.74444580078125
NAM,Namibia,Sub-Saharan Africa,2018,67.68888854980469
NAM,Namibia,Sub-Saharan Africa,2019,68.5111083984375
NER,Niger,Sub-Saharan Africa,2014,27.822223663330078
NER,Niger,Sub-Saharan Africa,2015,30.100000381469727
NER,Niger,Sub-Saharan Africa,2016,32.56666564941406
NER,Niger,Sub-Saharan Africa,2017,34.4555549621582
NER,Niger,Sub-Saharan Africa,2018,36.03333282470703
NER,Niger,Sub-Saharan Africa,2019,37.28889083862305
NGA,Nigeria,Sub-Saharan Africa,2014,47.377777099609375
NGA,Nigeria,Sub-Saharan Africa,2015,49.4888916015625
NGA,Nigeria,Sub-Saharan Africa,2016,51.355552673339844
NGA,Nigeria,Sub-Saharan Africa,2017,53.03333282470703
NGA,Nigeria,Sub-Saharan Africa,2018,54.333335876464844
NGA,Nigeria,Sub-Saharan Africa,2019,55.24444580078125
NIC,Nicaragua,Latin America & Caribbean,2014,46.4555549621582
NIC,Nicaragua,Latin America & Caribbean,2015,47.900001525878906
NIC,Nicaragua,Latin America & Caribbean,2016,49.18888854980469
NIC,Nicaragua,Latin America & Caribbean,2017,50.87778091430664
NIC,Nicaragua,Latin America & Caribbean,2018,52.85555648803711
NIC,Nicaragua,Latin America & Caribbean,2019,54.388885498046875
NLD,Netherlands,Europe & Central Asia,2014,90.644439697265625
NLD,Netherlands,Europe & Central Asia,2015,92.06666564941406
NLD,Netherlands,Europe & Central Asia,2016,92.46666717529297
NLD,Netherlands,Europe & Central Asia,2017,93.0999984741211
NLD,Netherlands,Europe & Central Asia,2018,93.69999694824219
NLD,Netherlands,Europe & Central Asia,2019,94.04444885253906
NOR,Norway,Europe & Central Asia,2014,98.65555572509766
NOR,Norway,Europe & Central Asia,2015,98.5777816772461
NOR,Norway,Europe & Central Asia,2016,98.5999984741211
NOR,Norway,Europe & Central Asia,2017,98.67778015136719
NOR,Norway,Europe & Central Asia,2018,98.76667022705078
NOR,Norway,Europe & Central Asia,2019,98.84444427490234
NPL,Nepal,South Asia,2014,49.622222900390625
NPL,Nepal,South Asia,2015,52.47777557373047
NPL,Nepal,South Asia,2016,55.19999694824219
NPL,Nepal,South Asia,2017,57.5444450378418
NPL,Nepal,South Asia,2018,59.60000228881836
NPL,Nepal,South Asia,2019,61.28888702392578
NZL,New Zealand,East Asia & Pacific,2014,87.5888900756836
NZL,New Zealand,East Asia & Pacific,2015,88.68888854980469
NZL,New Zealand,East Asia & Pacific,2016,90.08888244628906
NZL,New Zealand,East Asia & Pacific,2017,90.42222595214844
NZL,New Zealand,East Asia & Pacific,2018,90.80000305175781
NZL,New Zealand,East Asia & Pacific,2019,91.18888854980469
OMN,Oman,Middle East & North Africa,2014,77.32221984863281
OMN,Oman,Middle East & North Africa,2015,78.33333587646484
OMN,Oman,Middle East & North Africa,2016,77.866668701171875
OMN,Oman,Middle East & North Africa,2017,76.97777557373047
OMN,Oman,Middle East & North Africa,2018,75.57777404785156
OMN,Oman,Middle East & North Africa,2019,74.22222137451172
PAK,Pakistan,South Asia,2014,38.92222213745117
PAK,Pakistan,South Asia,2015,40.22222137451172
PAK,Pakistan,South Asia,2016,41.377777099609375
PAK,Pakistan,South Asia,2017,42.68888854980469
PAK,Pakistan,South Asia,2018,44.088890075683594
PAK,Pakistan,South Asia,2019,45.4555549621582
PAN,Panama,Latin America & Caribbean,2014,86.72222137451172
PAN,Panama,Latin America & Caribbean,2015,90
PAN,Panama,Latin America & Caribbean,2016,91.26667022705078
PAN,Panama,Latin America & Caribbean,2017,92.02222442626953
PAN,Panama,Latin America & Caribbean,2018,92.77777862548828
PAN,Panama,Latin America & Caribbean,2019,93.52222442626953
PER,Peru,Latin America & Caribbean,2014,73.35555267333984
PER,Peru,Latin America & Caribbean,2015,75.3888931274414
PER,Peru,Latin America & Caribbean,2016,77.23332977294922
PER,Peru,Latin America & Caribbean,2017,78.877777099609375
PER,Peru,Latin America & Caribbean,2018,79.9888916015625
PER,Peru,Latin America & Caribbean,2019,81.02222442626953
PHL,Philippines,East Asia & Pacific,2014,65.76667022705078
PHL,Philippines,East Asia & Pacific,2015,67.24444580078125
PHL,Philippines,East Asia & Pacific,2016,68.9000015258789
PHL,Philippines,East Asia & Pacific,2017,70
PHL,Philippines,East Asia & Pacific,2018,71.08888244628906
PHL,Philippines,East Asia & Pacific,2019,72.17778015136719
PNG,Papua New Guinea,East Asia & Pacific,2014,32.5
PNG,Papua New Guinea,East Asia & Pacific,2015,32.733333587646484
PNG,Papua New Guinea,East Asia & Pacific,2016,32.56666564941406
PNG,Papua New Guinea,East Asia & Pacific,2017,32.36666488647461
PNG,Papua New Guinea,East Asia & Pacific,2018,32.28888702392578
PNG,Papua New Guinea,East Asia & Pacific,2019,32.911109924316406
POL,Poland,Europe & Central Asia,2014,94.522216796875
POL,Poland,Europe & Central Asia,2015,95.23332977294922
POL,Poland,Europe & Central Asia,2016,96.67778015136719
POL,Poland,Europe & Central Asia,2017,97.01111602783203
POL,Poland,Europe & Central Asia,2018,97.33333587646484
POL,Poland,Europe & Central Asia,2019,97.644439697265625
PRT,Portugal,Europe & Central Asia,2014,92.8888931274414
PRT,Portugal,Europe & Central Asia,2015,94.19999694824219
PRT,Portugal,Europe & Central Asia,2016,95.78888702392578
PRT,Portugal,Europe & Central Asia,2017,96.26667022705078
PRT,Portugal,Europe & Central Asia,2018,96.73332977294922
PRT,Portugal,Europe & Central Asia,2019,97.21111297607422
PRY,Paraguay,Latin America & Caribbean,2014,66.68888854980469
PRY,Paraguay,Latin America & Caribbean,2015,68.96666717529297
PRY,Paraguay,Latin America & Caribbean,2016,71.02222442626953
PRY,Paraguay,Latin America & Caribbean,2017,72.68888854980469
PRY,Paraguay,Latin America & Caribbean,2018,73.9000015258789
PRY,Paraguay,Latin America & Caribbean,2019,74.94444274902344
QAT,Qatar,Middle East & North Africa,2014,89.06666564941406
QAT,Qatar,Middle East & North Africa,2015,90.65555572509766
QAT,Qatar,Middle East & North Africa,2016,91.94444274902344
QAT,Qatar,Middle East & North Africa,2017,92.33333587646484
QAT,Qatar,Middle East & North Africa,2018,92.72222900390625
QAT,Qatar,Middle East & North Africa,2019,93.1111068725586
ROU,Romania,Europe & Central Asia,2014,89.377777099609375
ROU,Romania,Europe & Central Asia,2015,92.46666717529297
ROU,Romania,Europe & Central Asia,2016,94.22222137451172
ROU,Romania,Europe & Central Asia,2017,94.65555572509766
ROU,Romania,Europe & Central Asia,2018,95.0888900756836
ROU,Romania,Europe & Central Asia,2019,95.5
RUS,Russian Federation,Europe & Central Asia,2014,90.5888900756836
RUS,Russian Federation,Europe & Central Asia,2015,93.85555267333984
RUS,Russian Federation,Europe & Central Asia,2016,96.355560302734375
RUS,Russian Federation,Europe & Central Asia,2017,98.15555572509766
RUS,Russian Federation,Europe & Central Asia,2018,98.44444274902344
RUS,Russian Federation,Europe & Central Asia,2019,98.5999984741211
RWA,Rwanda,Sub-Saharan Africa,2014,45.733333587646484
RWA,Rwanda,Sub-Saharan Africa,2015,47.78888702392578
RWA,Rwanda,Sub-Saharan Africa,2016,49.61111068725586
RWA,Rwanda,Sub-Saharan Africa,2017,51.32221984863281
RWA,Rwanda,Sub-Saharan Africa,2018,53.10000228881836
RWA,Rwanda,Sub-Saharan Africa,2019,54.79999923706055
SAU,Saudi Arabia,Middle East & North Africa,2014,79.644439697265625
SAU,Saudi Arabia,Middle East & North Africa,2015,80.96666717529297
SAU,Saudi Arabia,Middle East & North Africa,2016,82.14444732666016
SAU,Saudi Arabia,Middle East & North Africa,2017,82.9111099243164
SAU,Saudi Arabia,Middle East & North Africa,2018,83.66666412353516
SAU,Saudi Arabia,Middle East & North Africa,2019,84.43333435058594
SDN,Sudan,Middle East & North Africa,2014,47.94444274902344
SDN,Sudan,Middle East & North Africa,2015,48.755558013916016
SDN,Sudan,Middle East & North Africa,2016,49.41111373901367
SDN,Sudan,Middle East & North Africa,2017,50.5
SDN,Sudan,Middle East & North Africa,2018,51.72222137451172
SDN,Sudan,Middle East & North Africa,2019,52.9555549621582
SEN,Senegal,Sub-Saharan Africa,2014,52.21111297607422
SEN,Senegal,Sub-Saharan Africa,2015,53.255558013916016
SEN,Senegal,Sub-Saharan Africa,2016,54.088890075683594
SEN,Senegal,Sub-Saharan Africa,2017,55.06666946411133
SEN,Senegal,Sub-Saharan Africa,2018,56.42222213745117
SEN,Senegal,Sub-Saharan Africa,2019,57.655555725097656
SGP,Singapore,East Asia & Pacific,2014,97.866668701171875
SGP,Singapore,East Asia & Pacific,2015,97
SGP,Singapore,East Asia & Pacific,2016,96.83332824707031
SGP,Singapore,East Asia & Pacific,2017,97.15555572509766
SGP,Singapore,East Asia & Pacific,2018,97.47777557373047
SGP,Singapore,East Asia & Pacific,2019,97.81111145019531
SLB,Solomon Islands,East Asia & Pacific,2014,48.255558013916016
SLB,Solomon Islands,East Asia & Pacific,2015,51.666664123535156
SLB,Solomon Islands,East Asia & Pacific,2016,53.79999923706055
SLB,Solomon Islands,East Asia & Pacific,2017,54.5555534362793
SLB,Solomon Islands,East Asia & Pacific,2018,55.31111526489258
SLB,Solomon Islands,East Asia & Pacific,2019,56.05555725097656
SLE,Sierra Leone,Sub-Saharan Africa,2014,40.75555419921875
SLE,Sierra Leone,Sub-Saharan Africa,2015,44.266666412353516
SLE,Sierra Leone,Sub-Saharan Africa,2016,47.61111068725586
SLE,Sierra Leone,Sub-Saharan Africa,2017,50.25555419921875
SLE,Sierra Leone,Sub-Saharan Africa,2018,51.988887786865234
SLE,Sierra Leone,Sub-Saharan Africa,2019,53.67778015136719
SLV,El Salvador,Latin America & Caribbean,2014,66.96666717529297
SLV,El Salvador,Latin America & Caribbean,2015,68.9111099243164
SLV,El Salvador,Latin America & Caribbean,2016,70.56666564941406
SLV,El Salvador,Latin America & Caribbean,2017,72.19999694824219
SLV,El Salvador,Latin America & Caribbean,2018,73.43333435058594
SLV,El Salvador,Latin America & Caribbean,2019,74.4000015258789
SRB,Serbia,Europe & Central Asia,2014,83.0111083984375
SRB,Serbia,Europe & Central Asia,2015,85.5
SRB,Serbia,Europe & Central Asia,2016,87.14444732666016
SRB,Serbia,Europe & Central Asia,2017,87.81111145019531
SRB,Serbia,Europe & Central Asia,2018,88.46666717529297
SRB,Serbia,Europe & Central Asia,2019,89.122222900390625
SSD,South Sudan,Sub-Saharan Africa,2014,19.233333587646484
SSD,South Sudan,Sub-Saharan Africa,2015,19.85555648803711
SSD,South Sudan,Sub-Saharan Africa,2016,18.955554962158203
SSD,South Sudan,Sub-Saharan Africa,2017,18.33333396911621
SSD,South Sudan,Sub-Saharan Africa,2018,12.48888874053955
SSD,South Sudan,Sub-Saharan Africa,2019,14.666666030883789
SUR,Suriname,Latin America & Caribbean,2014,79.24444580078125
SUR,Suriname,Latin America & Caribbean,2015,80.05554962158203
SUR,Suriname,Latin America & Caribbean,2016,80.82221984863281
SUR,Suriname,Latin America & Caribbean,2017,81.5
SUR,Suriname,Latin America & Caribbean,2018,82.18888854980469
SUR,Suriname,Latin America & Caribbean,2019,82.866668701171875
SVK,Slovakia,Europe & Central Asia,2014,89.122222900390625
SVK,Slovakia,Europe & Central Asia,2015,92.71110534667969
SVK,Slovakia,Europe & Central Asia,2016,94.76666259765625
SVK,Slovakia,Europe & Central Asia,2017,94.96666717529297
SVK,Slovakia,Europe & Central Asia,2018,95.15555572509766
SVK,Slovakia,Europe & Central Asia,2019,95.33332824707031
SVN,Slovenia,Europe & Central Asia,2014,88.877777099609375
SVN,Slovenia,Europe & Central Asia,2015,92.21111297607422
SVN,Slovenia,Europe & Central Asia,2016,94.0111083984375
SVN,Slovenia,Europe & Central Asia,2017,94.22222137451172
SVN,Slovenia,Europe & Central Asia,2018,94.4222183227539
SVN,Slovenia,Europe & Central Asia,2019,94.6111068725586
SWE,Sweden,Europe & Central Asia,2014,98.71110534667969
SWE,Sweden,Europe & Central Asia,2015,98.53333282470703
SWE,Sweden,Europe & Central Asia,2016,98.4111099243164
SWE,Sweden,Europe & Central Asia,2017,98.5111083984375
SWE,Sweden,Europe & Central Asia,2018,98.5999984741211
SWE,Sweden,Europe & Central Asia,2019,98.69999694824219
SWZ,Eswatini,Sub-Saharan Africa,2014,55.011112213134766
SWZ,Eswatini,Sub-Saharan Africa,2015,58.63333511352539
SWZ,Eswatini,Sub-Saharan Africa,2016,60.833335876464844
SWZ,Eswatini,Sub-Saharan Africa,2017,62.68888854980469
SWZ,Eswatini,Sub-Saharan Africa,2018,64.30000305175781
SWZ,Eswatini,Sub-Saharan Africa,2019,65.67778015136719
TCD,Chad,Sub-Saharan Africa,2014,29.78888702392578
TCD,Chad,Sub-Saharan Africa,2015,32.32222366333008
TCD,Chad,Sub-Saharan Africa,2016,35.07777786254883
TCD,Chad,Sub-Saharan Africa,2017,37.72222137451172
TCD,Chad,Sub-Saharan Africa,2018,39.777774810791016
TCD,Chad,Sub-Saharan Africa,2019,39.766666412353516
TGO,Togo,Sub-Saharan Africa,2014,39.82221984863281
TGO,Togo,Sub-Saharan Africa,2015,42.988887786865234
TGO,Togo,Sub-Saharan Africa,2016,45.988887786865234
TGO,Togo,Sub-Saharan Africa,2017,48.78889083862305
TGO,Togo,Sub-Saharan Africa,2018,50.96666717529297
TGO,Togo,Sub-Saharan Africa,2019,52.64444351196289
THA,Thailand,East Asia & Pacific,2014,86.68888854980469
THA,Thailand,East Asia & Pacific,2015,89.80000305175781
THA,Thailand,East Asia & Pacific,2016,92.72222900390625
THA,Thailand,East Asia & Pacific,2017,94.76666259765625
THA,Thailand,East Asia & Pacific,2018,95.388885498046875
THA,Thailand,East Asia & Pacific,2019,95.75555419921875
TJK,Tajikistan,Europe & Central Asia,2014,64.9111099243164
TJK,Tajikistan,Europe & Central Asia,2015,66.52222442626953
TJK,Tajikistan,Europe & Central Asia,2016,67.4888916015625
TJK,Tajikistan,Europe & Central Asia,2017,67.96666717529297
TJK,Tajikistan,Europe & Central Asia,2018,68.44444274902344
TJK,Tajikistan,Europe & Central Asia,2019,68.9222183227539
TLS,Timor-Leste,East Asia & Pacific,2014,53.4444465637207
TLS,Timor-Leste,East Asia & Pacific,2015,67.77777862548828
TLS,Timor-Leste,East Asia & Pacific,2016,74.71110534667969
TLS,Timor-Leste,East Asia & Pacific,2017,77.24444580078125
TLS,Timor-Leste,East Asia & Pacific,2018,79.25555419921875
TLS,Timor-Leste,East Asia & Pacific,2019,80.73333740234375
TON,Tonga,East Asia & Pacific,2014,58.88888931274414
TON,Tonga,East Asia & Pacific,2015,62.19999694824219
TON,Tonga,East Asia & Pacific,2016,64.74444580078125
TON,Tonga,East Asia & Pacific,2017,66.68888854980469
TON,Tonga,East Asia & Pacific,2018,68.63333892822266
TON,Tonga,East Asia & Pacific,2019,70.5999984741211
TTO,Trinidad and Tobago,Latin America & Caribbean,2014,89.07777404785156
TTO,Trinidad and Tobago,Latin America & Caribbean,2015,89.122222900390625
TTO,Trinidad and Tobago,Latin America & Caribbean,2016,89.64444732666016
TTO,Trinidad and Tobago,Latin America & Caribbean,2017,90.18888854980469
TTO,Trinidad and Tobago,Latin America & Caribbean,2018,90.73332977294922
TTO,Trinidad and Tobago,Latin America & Caribbean,2019,91.28888702392578
TUN,Tunisia,Middle East & North Africa,2014,80.23333740234375
TUN,Tunisia,Middle East & North Africa,2015,81.72222137451172
TUN,Tunisia,Middle East & North Africa,2016,82.47777557373047
TUN,Tunisia,Middle East & North Africa,2017,83.133331298828125
TUN,Tunisia,Middle East & North Africa,2018,83.78888702392578
TUN,Tunisia,Middle East & North Africa,2019,84.44444274902344
TUR,Turkey,Middle East & North Africa,2014,68.84444427490234
TUR,Turkey,Middle East & North Africa,2015,70
TUR,Turkey,Middle East & North Africa,2016,70.98888397216797
TUR,Turkey,Middle East & North Africa,2017,71.98888397216797
TUR,Turkey,Middle East & North Africa,2018,73.15555572509766
TUR,Turkey,Middle East & North Africa,2019,74
TZA,Tanzania,Sub-Saharan Africa,2014,36.766666412353516
TZA,Tanzania,Sub-Saharan Africa,2015,38.80000305175781
TZA,Tanzania,Sub-Saharan Africa,2016,40.64444351196289
TZA,Tanzania,Sub-Saharan Africa,2017,42.67777633666992
TZA,Tanzania,Sub-Saharan Africa,2018,44.29999923706055
TZA,Tanzania,Sub-Saharan Africa,2019,45.511112213134766
UGA,Uganda,Sub-Saharan Africa,2014,39.866668701171875
UGA,Uganda,Sub-Saharan Africa,2015,42.588890075683594
UGA,Uganda,Sub-Saharan Africa,2016,45.11111068725586
UGA,Uganda,Sub-Saharan Africa,2017,47.21110916137695
UGA,Uganda,Sub-Saharan Africa,2018,48.85555648803711
UGA,Uganda,Sub-Saharan Africa,2019,49.9555549621582
UKR,Ukraine,Europe & Central Asia,2014,95.14444732666016
UKR,Ukraine,Europe & Central Asia,2015,96.47777557373047
UKR,Ukraine,Europe & Central Asia,2016,97.5999984741211
UKR,Ukraine,Europe & Central Asia,2017,97.76667022705078
UKR,Ukraine,Europe & Central Asia,2018,97.93333435058594
UKR,Ukraine,Europe & Central Asia,2019,98.0888900756836
URY,Uruguay,Latin America & Caribbean,2014,91.644439697265625
URY,Uruguay,Latin America & Caribbean,2015,92.122222900390625
URY,Uruguay,Latin America & Caribbean,2016,92.42222595214844
URY,Uruguay,Latin America & Caribbean,2017,92.71110534667969
URY,Uruguay,Latin America & Caribbean,2018,93
URY,Uruguay,Latin America & Caribbean,2019,93.28888702392578
USA,United States of America,North America,2014,88.80000305175781
USA,United States of America,North America,2015,92.122222900390625
USA,United States of America,North America,2016,93.477783203125
USA,United States of America,North America,2017,93.77777862548828
USA,United States of America,North America,2018,94.06666564941406
USA,United States of America,North America,2019,94.33333587646484
UZB,Uzbekistan,Europe & Central Asia,2014,55.17777633666992
UZB,Uzbekistan,Europe & Central Asia,2015,58.79999923706055
UZB,Uzbekistan,Europe & Central Asia,2016,62.25555419921875
UZB,Uzbekistan,Europe & Central Asia,2017,65.48888397216797
UZB,Uzbekistan,Europe & Central Asia,2018,67.15555572509766
UZB,Uzbekistan,Europe & Central Asia,2019,68.122222900390625
VCT,Saint Vincent and the Grenadines,Latin America & Caribbean,2014,81.73333740234375
VCT,Saint Vincent and the Grenadines,Latin America & Caribbean,2015,82.24444580078125
VCT,Saint Vincent and the Grenadines,Latin America & Caribbean,2016,82.73332977294922
VCT,Saint Vincent and the Grenadines,Latin America & Caribbean,2017,83.44444274902344
VCT,Saint Vincent and the Grenadines,Latin America & Caribbean,2018,84.16666412353516
VCT,Saint Vincent and the Grenadines,Latin America & Caribbean,2019,84.877777099609375
VEN,Venezuela,Latin America & Caribbean,2014,85.866668701171875
VEN,Venezuela,Latin America & Caribbean,2015,84.91111755371094
VEN,Venezuela,Latin America & Caribbean,2016,83.611114501953125
VEN,Venezuela,Latin America & Caribbean,2017,82.5
VEN,Venezuela,Latin America & Caribbean,2018,82.0888900756836
VEN,Venezuela,Latin America & Caribbean,2019,81.81111145019531
VNM,Vietnam,East Asia & Pacific,2014,73.83333587646484
VNM,Vietnam,East Asia & Pacific,2015,78.67778015136719
VNM,Vietnam,East Asia & Pacific,2016,81.0777816772461
VNM,Vietnam,East Asia & Pacific,2017,82.76666259765625
VNM,Vietnam,East Asia & Pacific,2018,83.4000015258789
VNM,Vietnam,East Asia & Pacific,2019,83.76667022705078
VUT,Vanuatu,East Asia & Pacific,2014,51.75555419921875
VUT,Vanuatu,East Asia & Pacific,2015,55.55555725097656
VUT,Vanuatu,East Asia & Pacific,2016,58.655555725097656
VUT,Vanuatu,East Asia & Pacific,2017,61.16666793823242
VUT,Vanuatu,East Asia & Pacific,2018,63.400001525878906
VUT,Vanuatu,East Asia & Pacific,2019,65.34444427490234
WSM,Samoa,East Asia & Pacific,2014,46.93333053588867
WSM,Samoa,East Asia & Pacific,2015,48.122222900390625
WSM,Samoa,East Asia & Pacific,2016,49.022220611572266
WSM,Samoa,East Asia & Pacific,2017,50.96666717529297
WSM,Samoa,East Asia & Pacific,2018,52.77777862548828
WSM,Samoa,East Asia & Pacific,2019,54.088890075683594
YEM,Yemen,Middle East & North Africa,2014,45.91111373901367
YEM,Yemen,Middle East & North Africa,2015,46.17777633666992
YEM,Yemen,Middle East & North Africa,2016,46.088890075683594
YEM,Yemen,Middle East & North Africa,2017,47.16666793823242
YEM,Yemen,Middle East & North Africa,2018,48.255558013916016
YEM,Yemen,Middle East & North Africa,2019,49.355552673339844
ZAF,South Africa,Sub-Saharan Africa,2014,64.06666564941406
ZAF,South Africa,Sub-Saharan Africa,2015,69.64444732666016
ZAF,South Africa,Sub-Saharan Africa,2016,71.5
ZAF,South Africa,Sub-Saharan Africa,2017,73.0888900756836
ZAF,South Africa,Sub-Saharan Africa,2018,74.0999984741211
ZAF,South Africa,Sub-Saharan Africa,2019,74.69999694824219
ZMB,Zambia,Sub-Saharan Africa,2014,43.67777633666992
ZMB,Zambia,Sub-Saharan Africa,2015,45.88888931274414
ZMB,Zambia,Sub-Saharan Africa,2016,47.86666488647461
ZMB,Zambia,Sub-Saharan Africa,2017,49.64444351196289
ZMB,Zambia,Sub-Saharan Africa,2018,51.06666564941406
ZMB,Zambia,Sub-Saharan Africa,2019,52.14444351196289
ZWE,Zimbabwe,Sub-Saharan Africa,2014,45.05555725097656
ZWE,Zimbabwe,Sub-Saharan Africa,2015,47.83333206176758
ZWE,Zimbabwe,Sub-Saharan Africa,2016,50.37778091430664
ZWE,Zimbabwe,Sub-Saharan Africa,2017,52.511112213134766
ZWE,Zimbabwe,Sub-Saharan Africa,2018,54.06666564941406
ZWE,Zimbabwe,Sub-Saharan Africa,2019,55.41111373901367
